{
  "train_loss": [
    1.1480885744094849,
    1.0277051726977031,
    0.9843077858289083,
    0.9514498909314474,
    0.8898606300354004
  ],
  "val_loss": [
    1.0876036882400513,
    1.0374557971954346,
    1.035316824913025,
    0.9981393218040466,
    0.9711735844612122
  ],
  "train_acc": [
    0.2708333333333333,
    0.5416666666666666,
    0.5,
    0.625,
    0.7291666666666666
  ],
  "val_acc": [
    0.4166666666666667,
    0.6666666666666666,
    0.6666666666666666,
    0.6666666666666666,
    0.6666666666666666
  ],
  "val_f1": [
    0.3111111111111111,
    0.6412698412698412,
    0.6412698412698412,
    0.6412698412698412,
    0.6412698412698412
  ]
}